name,district,tenure
# 1 loft,14,freehold
# 1 suites,14,freehold
1 canberra,27,99 yrs lease commencing from 2012
1 king albert park,21,freehold
1 moulmein rise,11,freehold
10 evelyn,11,freehold
10 shelford,11,freehold
11 amber road,15,freehold
111 emerald hill,9,freehold
120 grange,10,freehold
15 holland hill,10,freehold
16 @ amber,15,freehold
18 shelford,11,freehold
18 woodsville,13,freehold
183 longhaus,20,freehold
19 nassim,10,99 yrs lease commencing from 2019
1919,9,freehold
1953,8,freehold
2 rvg,9,freehold
21 richards,19,freehold
24 one residences,5,freehold
26 newton,11,freehold
28 imperial residences,14,freehold
28 rc suites,8,freehold
28 shelford,11,freehold
3 cuscaden,10,freehold
3 orchard by-the-park,10,freehold
33 residences,14,freehold
336 river valley,9,freehold
35 gilstead,11,freehold
368 thomson,11,freehold
38 i suites,15,freehold
38 jervois,10,freehold
3@sandilands,19,999 yrs lease commencing from 1886
448@east coast,15,freehold
57 @ kovan,19,freehold
6 derbyshire,11,freehold
70@truro,8,freehold
75br,7,999 yrs lease commencing from 1827
76 shenton,2,99 yrs lease commencing from 2007
77 @ east coast,15,freehold
8 @ mount sophia,9,103 yrs lease commencing from 2002
8 bassein,11,freehold
8 eden grove,19,freehold
8 farrer suites,8,freehold
8 hullet,9,freehold
8 napier,10,freehold
8 raja,12,freehold
8 rodyk,9,freehold
8 saint thomas,9,freehold
833 m b residences,15,freehold
8@woodleigh,13,99 yrs lease commencing from 2008
8m residences,15,freehold
91 marshall,15,freehold
a treasure trove,19,99 yrs lease commencing from 2011
aalto,15,freehold
adam park condominium,11,freehold
adam place,11,freehold
adana @ thomson,20,freehold
adria,11,freehold
advance apartments,14,freehold
affinity at serangoon,19,99 yrs lease commencing from 2018
affluence court,19,freehold
airstream,12,freehold
alba,9,freehold
alegria,11,freehold
alessandrea,3,freehold
alex residences,3,99 yrs lease commencing from 2013
alexis,3,freehold
allsworth park,10,999 yrs lease commencing from 1885
alpha apartments,15,freehold
altez,2,99 yrs lease commencing from 2008
amaninda,11,freehold
amaranda gardens,19,freehold
amaryllis ville,11,99 yrs lease commencing from 1997
amber 45,15,freehold
amber park,15,freehold
amber point,15,freehold
amber residences,15,freehold
amber skye,15,freehold
angullia park residences @ orchard,10,freehold
apleton view,11,freehold
apollo gardens,16,freehold
aquarine gardens,15,freehold
aquarius by the park,16,99 yrs lease commencing from 1996
aquene,15,freehold
arc at tampines,18,99 yrs lease commencing from 2011
archipelago,16,99 yrs lease commencing from 2011
ardmore 3,10,freehold
ardmore ii,10,freehold
ardmore park,10,freehold
arena residences,14,freehold
arthur 118,15,freehold
arthur mansions,15,freehold
artra,3,99 yrs lease commencing from 2016
ascent @ 456,12,freehold
ascentia sky,3,99 yrs lease commencing from 2008
aspen heights,9,999 yrs lease commencing from 1841
aspen linq,9,999 yrs lease commencing from 1841
aspen loft,15,freehold
aston lodge,14,freehold
aston mansions,14,99 yrs lease commencing from 1995
astor,14,99 yrs lease commencing from 2002
astor green,21,99 yrs lease commencing from 1991
astoria park,14,99 yrs lease commencing from 1993
astrid meadows,10,freehold
astridville,10,freehold
atrium residences,14,freehold
attitude at kim yam,9,999 yrs lease commencing from 1841
aura 83,15,freehold
auralis,15,freehold
austville residences,19,99 yrs lease commencing from 2010
ava towers,12,freehold
avalon,10,freehold
avant residences,14,99 yrs lease commencing from 2012
avenue south residence,3,99 yrs lease commencing from 2018
avila gardens,17,freehold
avon park,13,freehold
axis @ siglap,15,freehold
azalea park condominium,17,999 yrs lease commencing from 1885
balcon east,16,freehold
balestier 288,12,freehold
balestier plaza,12,freehold
balestier point,12,freehold
ballota park condominium,17,freehold
balmoral 8,10,freehold
balmoral crest,10,freehold
balmoral gardens,10,freehold
balmoral gate,10,freehold
balmoral heights,10,freehold
balmoral hills,10,freehold
balmoral plaza,10,freehold
balmoral point,10,freehold
balmoral residences,10,freehold
balmoral tower,10,freehold
balmy court,14,freehold
banyan condominium,5,freehold
bartley residences,19,99 yrs lease commencing from 2011
bartley ridge,13,99 yrs lease commencing from 2012
bartley vue,19,99 yrs lease commencing from 2020
bassein court,11,freehold
bayou residence,19,freehold
bayshore park,16,99 yrs lease commencing from 1982
bayville condominium,5,freehold
baywater,16,99 yrs lease commencing from 2001
beacon heights,12,999 yrs lease commencing from 1882
beaufort on nassim,10,freehold
beauty world centre,21,99 yrs lease commencing from 1979
beauty world plaza,21,999 yrs lease commencing from 1884
beaverton court,10,freehold
bedok court,16,99 yrs lease commencing from 1982
bedok residences,16,99 yrs lease commencing from 2011
bedok shopping complex,16,60 yrs lease commencing from 1977
bella casita,15,freehold
bella vista,13,freehold
belle vue residences,9,freehold
bellerive,10,freehold
bellewaters,19,99 yrs lease commencing from 2013
bellewoods,25,99 yrs lease commencing from 2013
bellezza @ katong,15,freehold
belmond green,10,freehold
belmondo view,12,freehold
belysa,18,99 yrs lease commencing from 2011
beng tong mansion,15,freehold
berkeley residences,15,freehold
beverly hill,10,freehold
bijou,5,freehold
binjai park,21,999 yrs lease commencing from 1875
birchwood mansions,12,freehold
birmingham mansions,11,freehold
bishan 8,20,99 yrs lease commencing from 1996
bishan loft,20,99 yrs lease commencing from 2000
bishan park condominium,20,99 yrs lease commencing from 1991
bishan point,20,99 yrs lease commencing from 1997
bishopsgate residences,10,freehold
bleu @ east coast,16,freehold
bliss loft,12,freehold
bliss regalia,8,freehold
bliss residences,14,freehold
bliss ville,14,freehold
bliss@kovan,19,freehold
blossom mansions,14,freehold
blossom residences,23,99 yrs lease commencing from 2011
blossom view,14,freehold
blossoms @ woodleigh,13,freehold
blu coral,15,freehold
blue horizon,5,99 yrs lease commencing from 2000
bluwaters,17,946 yrs lease commencing from 1938
bluwaters 2,17,946 yrs lease commencing from 1938
boathouse residences,19,99 yrs lease commencing from 2011
boon court,15,freehold
boon teck apartments,12,freehold
boon teck tower,12,freehold
boonview,20,freehold
botanic gardens mansion,10,freehold
botanic gardens view,10,freehold
botanika,10,freehold
botanique at bartley,19,99 yrs lease commencing from 2014
botannia,5,956 yrs lease commencing from 1928
bougainvilla apartments,14,freehold
boulevard 88,10,freehold
boulevard vue,10,freehold
bowmont centre,15,freehold
braddell view,20,102 yrs lease commencing from 1978
breeze by the east,16,freehold
breezy mansions,19,999 yrs lease commencing from 1886
bristol lodge,8,freehold
brookvale drive,21,999 yrs lease commencing from 1885
brookvale park,21,999 yrs lease commencing from 1885
buckley 18,11,freehold
buckley classique,11,freehold
buckley residence,11,freehold
bukit 828,23,freehold
bukit regency,21,freehold
bullion park,26,freehold
buona lodge,5,freehold
buona vista gardens,5,freehold
burlington square,7,99 yrs lease commencing from 1996
butterworth 33,15,freehold
butterworth 8,15,freehold
butterworth view,15,freehold
cadence light,15,freehold
cairnhill 16,9,freehold
cairnhill astoria,9,freehold
cairnhill crest,9,freehold
cairnhill nine,9,99 yrs lease commencing from 2014
cairnhill plaza,9,freehold
cairnhill residences,9,freehold
calarasi,12,freehold
callidora ville,15,freehold
cambio suites,19,freehold
cambridge village,8,freehold
camellia lodge,14,freehold
camelot by-the-water,15,99 yrs lease commencing from 1996
canary ville,15,freehold
canberlin apartments,14,freehold
canberlin lodge,14,freehold
canberra residences,27,99 yrs lease commencing from 2010
cannaville,15,freehold
canne lodge,14,freehold
canninghill piers,6,99 yrs lease commencing from 2021
cantiz @ rambai,15,freehold
carabelle,5,956 yrs lease commencing from 1928
cardiff residence,19,99 yrs lease commencing from 2011
caribbean at keppel bay,4,99 yrs lease commencing from 1999
carissa park condominium,17,freehold
carlyx green,8,freehold
carlyx residence,8,freehold
carmi mansions,14,freehold
carpmael thirty-eight,15,freehold
casa aerata,14,freehold
casa al mare,17,freehold
casa aroma,15,freehold
casa cairnhill,9,freehold
casa cambio,19,freehold
casa emerald,14,freehold
casa espania,19,freehold
casa esperanza,21,freehold
casa feliz,15,freehold
casa flora,16,freehold
casa fortuna,12,freehold
casa irrawaddy,12,freehold
casa jervois,10,freehold
casa merah,16,99 yrs lease commencing from 2006
casa meya,13,freehold
casa novacrest,9,freehold
casa pasir ris,17,946 yrs lease commencing from 1938
casa riviera,19,freehold
casa rosa,19,99 yrs lease commencing from 1998
casa sarina,14,freehold
casa sophia,9,freehold
casabella,10,freehold
casablanca,25,99 yrs lease commencing from 2001
casafina,16,99 yrs lease commencing from 1996
cascadale,16,freehold
cascata,14,freehold
casero @ dunman,15,freehold
cashew heights condominium,23,999 yrs lease commencing from 1882
cashew park condominium,23,999 yrs lease commencing from 1882
caspian,22,99 yrs lease commencing from 2008
cassia edge,14,freehold
cassia view,14,freehold
castle green,26,99 yrs lease commencing from 1993
castle loft,15,freehold
casuarina cove,15,99 yrs lease commencing from 1993
cavan suites,8,freehold
cavenagh court,9,freehold
cavenagh gardens,9,freehold
cavenagh house,9,freehold
cavendish park,21,99 yrs lease commencing from 1991
celadon view,17,999 yrs lease commencing from 1885
celestia,15,freehold
centennia suites,9,freehold
centra heights,14,freehold
centra loft,14,freehold
centra residence,14,freehold
centra studios,14,freehold
centra suites,14,freehold
central green condominium,3,99 yrs lease commencing from 1992
central grove,14,99 yrs lease commencing from 1997
central imperial,14,freehold
central meadows,14,freehold
central view,19,99 yrs lease commencing from 1998
centro residences,20,99 yrs lease commencing from 2007
century mansions,23,freehold
ceylon crest,15,freehold
ceylon residence,15,freehold
chancery esquire,11,freehold
chancery park,11,freehold
changi court,16,freehold
changi green,16,freehold
changi rise condominium,18,99 yrs lease commencing from 2000
chantilly rise,23,freehold
chapel court,15,freehold
chapel lodge,15,freehold
charisma view,21,freehold
charleston,10,freehold
charlton corner,19,freehold
charming garden,10,999 yrs lease commencing from 1875
chateau le fame,10,freehold
chatelet,10,freehold
chelsea gardens,10,freehold
chelsea grove,12,freehold
chelsea lodge,15,freehold
chen fang mansions,14,freehold
cherry gardens,19,99 yrs lease commencing from 1996
cherryhill,19,freehold
chestervale,23,99 yrs lease commencing from 1997
chestnut ville,23,999 yrs lease commencing from 1882
chiltern park,19,99 yrs lease commencing from 1991
chiverton,10,freehold
choon kim house,19,freehold
chuan park,19,99 yrs lease commencing from 1980
citigate residence,8,freehold
city edge,11,freehold
city gate,7,99 yrs lease commencing from 2014
city loft,8,freehold
city regency,12,freehold
city square residences,8,freehold
city studios,8,freehold
city suites,12,freehold
city towers,10,freehold
citylife@tampines,18,99 yrs lease commencing from 2012
citylights,8,99 yrs lease commencing from 2004
cityscape @farrer park,8,freehold
cityvale,9,freehold
cityvista residences,9,freehold
claremont,9,freehold
clavon,5,99 yrs lease commencing from 2019
claymore plaza,9,freehold
clementi park,21,freehold
clementiwoods condominium,5,99 yrs lease commencing from 2006
cliften,10,freehold
cliveden at grange,10,freehold
clover by the park,20,99 yrs lease commencing from 2007
cluny park residence,10,freehold
clydes residence,8,freehold
clydesview,3,freehold
clydeswood,13,freehold
coastal breeze residences,17,99 yrs lease commencing from 2008
coastal view residences,17,999 yrs lease commencing from 1885
coastarina,15,freehold
coastline residences,15,freehold
coco palms,18,99 yrs lease commencing from 2008
commonwealth towers,3,99 yrs lease commencing from 2013
compass heights,19,99 yrs lease commencing from 2000
concourse skyline,7,99 yrs lease commencing from 2008
condominium development,10,freehold
coralis,15,freehold
corals at keppel bay,4,99 yrs lease commencing from 2007
corona ville,10,freehold
coronation arcade,10,freehold
coronation grove,10,999 yrs lease commencing from 1875
coronation shopping plaza,10,freehold
cosmo,14,freehold
costa del sol,16,99 yrs lease commencing from 1997
costa este,15,freehold
costa rhu,15,99 yrs lease commencing from 1994
cote d'azur,15,99 yrs lease commencing from 2001
country esquire,20,freehold
country grandeur,20,freehold
country park condominium,16,freehold
cradels,12,freehold
craig place,2,99 yrs lease commencing from 1997
crane court,15,freehold
crescendo building,15,freehold
crescendo park,15,freehold
crescent building,12,freehold
crown centre,10,freehold
crystal court,10,freehold
crystal de azure,19,freehold
crystal dew,14,freehold
crystal heights,5,freehold
crystal lodge,14,freehold
crystal mansions,14,freehold
crystal rhu,15,freehold
crystal tower,10,freehold
cube 8,11,freehold
cubik,15,freehold
cuscaden reserve,10,99 yrs lease commencing from 2018
cuscaden residences,10,freehold
cyan,10,freehold
d - heritage apartments,14,freehold
d' almira,13,freehold
d' casita,14,freehold
d' castilia,15,freehold
d' dalvey,10,freehold
d' fresco,15,freehold
d' hillside loft,5,freehold
d' ixoras,11,freehold
d' marine,15,freehold
d' palma,14,freehold
d'banyan,27,999 yrs lease commencing from 1885
d'cambridge,8,freehold
d'chateau @ shelford,11,freehold
d'ecosia,15,freehold
d'evelyn,11,freehold
d'gallery,14,freehold
d'grove villas,10,freehold
d'hiro@hillside,19,999 yrs lease commencing from 1876
d'leedon,10,99 yrs lease commencing from 2010
d'lotus,12,freehold
d'mira,12,freehold
d'nest,18,99 yrs lease commencing from 2010
d'oasia,14,freehold
d'pavilion,19,freehold
d'saville,15,freehold
d'sunrise,15,freehold
d'weave,14,freehold
d'zire,19,999 yrs lease commencing from 1875
d-mansions,15,freehold
dahlia park condominium,17,freehold
daintree residence,21,99 yrs lease commencing from 2017
dairy farm estate,23,freehold
dairy farm residences,23,99 yrs lease commencing from 2018
daisy lodge,13,freehold
daisy suites,13,freehold
dakota residences,14,99 yrs lease commencing from 2007
dalvey court,10,freehold
dalvey haus,10,freehold
darby park,10,99 yrs lease commencing from 1993
dawn ville,15,freehold
de casalle,15,freehold
de centurion,15,freehold
de lente,10,freehold
de paradiso,12,freehold
de royale,12,freehold
delfi orchard,9,freehold
delight court,14,freehold
deng fu ville,14,freehold
derbyshire heights,11,freehold
devonshire 12,9,freehold
devonshire residences,9,freehold
dlv.,10,freehold
domain 21,3,99 yrs lease commencing from 2004
domus,12,freehold
dormer park,10,freehold
dorset mansions,8,freehold
dorsett residences,2,99 yrs lease commencing from 2009
double bay residences,18,99 yrs lease commencing from 2008
dover parkview,5,99 yrs lease commencing from 1993
draycott eight,10,99 yrs lease commencing from 1997
duchess crest,10,99 yrs lease commencing from 1995
duchess manor,10,999 yrs lease commencing from 1875
duchess residences,10,999 yrs lease commencing from 1875
duchess royale,10,999 yrs lease commencing from 1875
duet,10,freehold
dukes residence,10,freehold
duku court,15,freehold
dunearn 386,11,freehold
dunearn lodge,11,99 yrs lease commencing from 1993
dunearn suites,11,freehold
dunman place,15,freehold
dunman regency,15,freehold
dunman view,15,99 yrs lease commencing from 1997
duo residences,7,99 yrs lease commencing from 2011
dynasty garden,10,freehold
dynasty lodge,10,freehold
e maison,13,freehold
e-space,15,freehold
e7 lodge,14,freehold
east bay gardens,15,99 yrs lease commencing from 1995
east coast residences,16,freehold
east elegance,15,freehold
east galleria,15,freehold
east grove,15,freehold
east meadows,16,99 yrs lease commencing from 1998
east mews,15,freehold
east palm,15,freehold
east shine,14,freehold
east signature,15,freehold
east treasure,15,freehold
east view,15,freehold
east village,16,freehold
eastbay,15,freehold
eastern lagoon,15,freehold
eastern residence,15,freehold
eastpac building,12,freehold
eastpoint green,18,99 yrs lease commencing from 1996
eastside loft,15,freehold
eastvale,18,99 yrs lease commencing from 1996
eastville apartments,15,freehold
eastwind mansions,15,freehold
eastwood centre,16,99 yrs lease commencing from 1995
eastwood green,16,99 yrs lease commencing from 1995
eastwood lodge,16,99 yrs lease commencing from 1996
eastwood regency,16,freehold
eber gardens,9,freehold
ebony mansions,15,freehold
echelon,3,99 yrs lease commencing from 2012
eco,16,99 yrs lease commencing from 2012
eco sanctuary,23,99 yrs lease commencing from 2012
ecopolitan,19,99 yrs lease commencing from 2012
ecoville,12,freehold
edelweiss park condominium,17,freehold
eden,10,freehold
eden crest,19,freehold
eden residences capitol,6,99 yrs lease commencing from 2011
eden view,19,freehold
edenz loft,14,freehold
edenz suites,14,freehold
eight courtyards,27,99 yrs lease commencing from 2010
eight riversuites,12,99 yrs lease commencing from 2011
eis residences,15,freehold
elias green,18,99 yrs lease commencing from 1991
elizabeth height,9,freehold
elizabeth heights,9,freehold
elizabeth tower,9,freehold
elliot at the east coast,15,freehold
emerald apartments,9,freehold
emerald east,15,freehold
emerald garden,1,999 yrs lease commencing from 1827
emerald hill conservation area,9,freehold
emerald park,3,99 yrs lease commencing from 1991
emery point,15,freehold
emily residence,9,freehold
emprado suites,15,freehold
en fu mansions,14,freehold
eng apartments,14,freehold
eng aun mansion,11,freehold
eng hoon mansions,3,freehold
eng kong green,21,freehold
envio,15,freehold
eon shenton,2,99 yrs lease commencing from 2011
equatorial apartments,15,freehold
escada view,14,freehold
espa,23,999 yrs lease commencing from 1882
espada,9,freehold
esparina residences,19,99 yrs lease commencing from 2010
espira residence,15,freehold
espira spring,15,freehold
espira suites,15,freehold
esta ruby,14,freehold
estella gardens,17,freehold
esterina,15,freehold
estilo,9,freehold
estique,15,freehold
eton court,15,freehold
euhabitat,14,99 yrs lease commencing from 2010
eunos green,14,freehold
eunos park,14,freehold
euphony gardens,27,99 yrs lease commencing from 1998
euro-asia apartments,12,freehold
euro-asia court,9,freehold
euro-asia lodge,15,freehold
euro-asia park,13,freehold
evania,19,freehold
evelyn mansions,11,freehold
ever lodge,14,freehold
evergreen park,19,99 yrs lease commencing from 1995
evergreen view,14,freehold
everitt edge,15,freehold
everitt green,15,freehold
ewe boon regent,10,freehold
faber crest,5,99 yrs lease commencing from 1996
faber garden condominium,20,freehold
faber hills,5,freehold
fairhaven,9,freehold
fairlodge,10,freehold
fairmount condominium,16,99 yrs lease commencing from 1996
familie mansions,14,freehold
far horizon gardens,20,99 yrs lease commencing from 1982
farrer park suites,8,freehold
fern lodge,14,freehold
fernwood towers,15,freehold
ferraria park condominium,17,freehold
ferrell residences,10,freehold
fifth avenue condominium,10,freehold
fifty-two stevens,10,freehold
finland gardens,15,freehold
fiorenza,19,freehold
flame tree park,20,freehold
flamingo valley,15,freehold
flo residence,19,99 yrs lease commencing from 2011
flora east,15,freehold
floraview,20,freehold
floraville,28,freehold
floridian,21,freehold
flynn park,5,freehold
fontaine parry,19,999 yrs lease commencing from 1883
fontana heights,10,freehold
foresque residences,23,99 yrs lease commencing from 2011
forest hills condominium,26,99 yrs lease commencing from 2000
forest woods,19,99 yrs lease commencing from 2016
forestville,25,99 yrs lease commencing from 2012
forett@bukit timah,21,freehold
fort gardens,15,freehold
forte suites,8,freehold
fortune jade,15,freehold
four seasons park,10,freehold
fourth avenue residences,10,99 yrs lease commencing from 2018
fragrance court,5,freehold
fragrant gardens,19,freehold
freesia woods,21,freehold
fruition,15,freehold
fulcrum,15,freehold
fuyuen court,14,freehold
fyve derbyshire,11,freehold
g residences,15,freehold
gaia,12,freehold
galaxy towers,15,freehold
gallery 8,15,freehold
gallery fifteen,12,freehold
gallop gables,10,freehold
gallop green,10,freehold
gambier court,9,99 yrs lease commencing from 1997
gambir ridge,19,freehold
garden apartments,10,freehold
garden park residences,15,freehold
gardenville,10,freehold
gardenvista,21,99 yrs lease commencing from 1999
gem residences,12,99 yrs lease commencing from 2015
gemini apartments,15,freehold
geylang heritage,14,freehold
gillenia,19,999 yrs lease commencing from 1886
gilstead court,11,freehold
gilstead mansion,11,freehold
gilstead two,11,freehold
gisborne light,10,freehold
glamour ville,15,freehold
glasgow residence,19,999 yrs lease commencing from 1886
glendale park,23,freehold
glentrees,10,999 yrs lease commencing from 1885
global ville,12,freehold
gloucester mansions,11,freehold
gold coast condominium,5,freehold
gold leaf mansions,15,freehold
golden heights,19,freehold
golden mile complex,7,99 yrs lease commencing from 1969
goldenhill park condominium,20,freehold
goldhill towers,11,freehold
goodlink park,27,freehold
goodview apartments,14,freehold
goodwill court,15,freehold
goodwood gardens,10,freehold
goodwood grand,10,freehold
goodwood residence,10,freehold
grace court,15,freehold
gramercy park,10,freehold
grand chateau,21,freehold
grand duchess at st patrick's,15,freehold
grand regalia,19,freehold
grand regency,21,freehold
grand residence,15,freehold
grande vista,28,999 yrs lease commencing from 1886
grandeur 8,20,99 yrs lease commencing from 2002
grandeur park residences,16,99 yrs lease commencing from 2016
grandlink square,14,freehold
grandview suites,14,freehold
grange 1866,10,freehold
grange heights,9,freehold
grange infinite,9,freehold
grange residences,10,freehold
greendale court,11,freehold
greenlane apartments,15,freehold
grosvenor view,14,freehold
guilin mansions,14,freehold
guilin view,23,99 yrs lease commencing from 1996
guillemard edge,14,freehold
guillemard suites,14,freehold
guillemard view,14,freehold
h residences,15,freehold
h2o residences,28,99 yrs lease commencing from 2010
haig 162,15,freehold
haig apartments,15,freehold
haig court,15,freehold
haig eleven,15,freehold
haig residences,15,freehold
haig ten,15,freehold
hallmark residences,10,freehold
happy mansion,13,freehold
harbour suites,4,freehold
harbour view towers,4,99 yrs lease commencing from 1990
harbourlights,4,freehold
harmony @ 1a,19,freehold
harvest mansions,3,99 yrs lease commencing from 1993
haus on handy,9,99 yrs lease commencing from 2018
hawaii tower,15,freehold
hazel park condominium,23,999 yrs lease commencing from 1882
hedges park condominium,17,99 yrs lease commencing from 2010
heji gardens,15,freehold
helios residences,9,freehold
heritage apartments,10,freehold
heritage east,15,freehold
heritage place,7,999 yrs lease commencing from 1827
heritage view,5,99 yrs lease commencing from 1996
heron bay,19,99 yrs lease commencing from 2012
hertford collection,8,freehold
hertford mansion,8,freehold
high oak condominium,21,99 yrs lease commencing from 1996
high park residences,28,99 yrs lease commencing from 2014
high street centre,6,99 yrs lease commencing from 1969
highgate,21,freehold
highland centre,19,freehold
highland condominium,19,freehold
highline residences,3,99 yrs lease commencing from 2013
hijauan,9,freehold
hilbre28,19,999 yrs lease commencing from 1876
hillbrooks,23,freehold
hillcrest arcadia,11,99 yrs lease commencing from 1975
hillcrest park,11,freehold
hillington green,23,999 yrs lease commencing from 1883
hillion residences,23,99 yrs lease commencing from 2013
hills apartment,11,freehold
hills twoone,23,freehold
hillside mansions,19,freehold
hillsta,23,99 yrs lease commencing from 2011
hilltop grove,23,99 yrs lease commencing from 1996
hilltops,9,freehold
hillview 128,23,999 yrs lease commencing from 1885
hillview apartments,23,freehold
hillview garden estate,23,998 yrs lease commencing from 1885
hillview green,21,999 yrs lease commencing from 1883
hillview heights,23,freehold
hillview park,23,freehold
hillview regency,23,99 yrs lease commencing from 2000
hillview residence,23,999 yrs lease commencing from 1885
hillvista,23,freehold
hoa nam building,8,freehold
hock mansion,9,freehold
holland court,10,freehold
holland hill lodge,10,freehold
holland hill park,10,freehold
holland mews,10,freehold
holland peak,10,freehold
holland residences,10,freehold
holland suites,10,freehold
holland tower,10,freehold
hollandia,10,freehold
hollandswood court,10,99 yrs lease commencing from 1975
hollywood apartments,9,freehold
holt residences,10,freehold
homey gardens,15,freehold
hong heng garden,26,freehold
hong heng mansions,26,freehold
honolulu tower,10,freehold
horizon residences,5,freehold
horizon towers,9,99 yrs lease commencing from 1979
hougang green,19,99 yrs lease commencing from 1994
hua xin court,15,freehold
hume park i,21,freehold
hume park ii,21,freehold
hundred palms residences,19,99 yrs lease commencing from 2016
hundred trees,5,956 yrs lease commencing from 1928
hyll on holland,10,freehold
icon,2,99 yrs lease commencing from 2002
icon @ pasir panjang,5,freehold
idyllic east,16,freehold
idyllic residences,15,freehold
idyllic suites,14,freehold
illuminaire on devonshire,9,freehold
imperial heights,15,freehold
infini at east coast,15,freehold
inova 100,15,freehold
institution ville,9,999 yrs lease commencing from 1841
international plaza,2,99 yrs lease commencing from 1970
intero,13,freehold
inz residence,23,99 yrs lease commencing from 2015
iresidences,12,freehold
iridium,11,freehold
irwell hill residences,9,99 yrs lease commencing from 2020
island view,5,freehold
isuites @ marshall,15,freehold
isuites @ palm,19,999 yrs lease commencing from 1878
isuites @ tani,19,999 yrs lease commencing from 1883
ivory,15,freehold
ivory apartments,15,freehold
ivory heights,22,100 yrs lease commencing from 1986
j c draycott,10,freehold
j court,15,freehold
j gateway,22,99 yrs lease commencing from 2012
j@63,15,freehold
jade garden,10,freehold
jade mansion,10,freehold
jade residences,19,freehold
jadescape,20,99 yrs lease commencing from 2018
jansen 28,19,999 yrs lease commencing from 1876
jardin,21,freehold
jaya tower,10,freehold
jc court,15,freehold
jc residence,15,freehold
jersey lodge,15,freehold
jervois gardens,10,freehold
jervois green,10,freehold
jervois jade apartments,10,99 yrs lease commencing from 1998
jervois lodge,10,freehold
jervois mansion,10,freehold
jervois meadows,10,freehold
jervois regency,10,freehold
jervois treasures,10,freehold
jervois view,10,freehold
jewel @ buangkok,19,99 yrs lease commencing from 2012
jewel of balmoral,10,freehold
ji xiang court,15,freehold
jia,9,freehold
jlb residences,17,946 yrs lease commencing from 1937
joo chiat apartments,15,freehold
joo chiat mansions,15,freehold
joo chiat verbena,15,freehold
jool suites,8,freehold
jui residences,12,freehold
juniper at ardmore,10,freehold
juniper hill,10,freehold
jupiter 18,15,freehold
kallang riverside,12,freehold
kandis residence,27,99 yrs lease commencing from 2016
kap residences,21,freehold
kartar apartments,11,freehold
kasturina lodge,10,freehold
katong apartments,15,freehold
katong gardens,15,freehold
katong regency,15,freehold
kellett court,11,freehold
kellock lodge,10,freehold
kembangan plaza,14,freehold
kembangan suites,14,freehold
keng lee court,8,freehold
keng lee view,8,freehold
kensington park condominium,19,999 yrs lease commencing from 1878
kensington square,19,freehold
kent residences,8,freehold
kent ridge hill residences,5,99 yrs lease commencing from 2018
kentish court,8,99 yrs lease commencing from 1995
kentish green,8,99 yrs lease commencing from 1995
kentish lodge,8,99 yrs lease commencing from 1995
kentview park,5,freehold
kerrisdale,8,99 yrs lease commencing from 1998
kew green,16,99 yrs lease commencing from 1994
kheam hock gardens,11,freehold
ki residences at brookvale,21,999 yrs lease commencing from 1885
kilat 19,21,freehold
kilat court,21,freehold
killiney 118,9,freehold
kim keat gardens,12,99 yrs lease commencing from 2001
kim keat house,12,freehold
kim keat lodge,12,freehold
kim sia court,9,freehold
king albert park,21,freehold
king's arcade,10,freehold
king's court,8,freehold
king's mansion,15,freehold
kings apartments,15,freehold
kingsford . hillview peak,23,99 yrs lease commencing from 2012
kingsford waterbay,19,99 yrs lease commencing from 2014
kingsgrove,20,freehold
kingsley mansions,12,freehold
kingston terrace,14,freehold
kismis court,21,99 yrs lease commencing from 1981
klassic court,15,freehold
klimt cairnhill,9,freehold
knox view,15,freehold
koon seng court,15,freehold
kopar at newton,9,99 yrs lease commencing from 2019
kovan 81,19,999 yrs lease commencing from 1878
kovan apartments,19,freehold
kovan esquire,19,freehold
kovan grandeur,19,99 yrs lease commencing from 2010
kovan melody,19,99 yrs lease commencing from 2004
kovan regency,19,99 yrs lease commencing from 2012
kovan residences,19,99 yrs lease commencing from 2007
kovana,19,freehold
kum hing court,10,freehold
l'viv,11,freehold
la brisa,14,freehold
la casa,25,99 yrs lease commencing from 2004
la crystal,9,freehold
la dolce vita,19,freehold
la fiesta,19,99 yrs lease commencing from 2012
la fleur,14,freehold
la maison,11,freehold
la mariposa,15,freehold
la meyer,15,freehold
la suisse,11,999 yrs lease commencing from 1878
la vida @ 130,15,freehold
la ville,15,freehold
lagoon view,15,99 yrs lease commencing from 1977
laguna 88,16,99 yrs lease commencing from 1995
laguna green,16,99 yrs lease commencing from 1995
laguna park,15,99 yrs lease commencing from 1977
lake grande,22,99 yrs lease commencing from 2015
lake life,22,99 yrs lease commencing from 2013
lakeholmz,22,99 yrs lease commencing from 2001
lakepoint condominium,22,99 yrs lease commencing from 1983
lakeside apartments,22,99 yrs lease commencing from 1977
lakeside tower,22,99 yrs lease commencing from 1975
lakeview estate,20,99 yrs lease commencing from 1977
lakeville,22,99 yrs lease commencing from 2013
landbay condominium,16,freehold
landridge condominium,5,freehold
langston ville,9,999 yrs lease commencing from 1841
latitude,10,freehold
lattice one,20,freehold
laverne's loft,15,freehold
le arc,14,freehold
le conney park,15,freehold
le crescendo,14,freehold
le gambir,19,freehold
le hill condominium,5,freehold
le loyang,17,999 yrs lease commencing from 1885
le marican,14,freehold
le merritt,15,freehold
le nouvel ardmore,10,freehold
le quest,23,99 yrs lease commencing from 2016
le regal,14,freehold
le reve,14,freehold
le shantier,12,freehold
le somme,8,freehold
le wilkie,9,freehold
le wood,21,99 yrs lease commencing from 1999
leedon 2,10,freehold
leedon green,10,freehold
leedon residence,10,freehold
legenda at joo chiat,15,99 yrs lease commencing from 2001
leicester lodge,13,freehold
leicester suites,13,freehold
leighwoods,10,freehold
leith grove,19,freehold
leonie gardens,9,99 yrs lease commencing from 1990
leonie hill residences,9,freehold
leonie parc view,9,freehold
leonie suites,9,99 yrs lease commencing from 2002
leonie towers,9,freehold
les maisons nassim,10,freehold
leshan gardens,14,freehold
levenue,14,freehold
leville isuites,15,freehold
liang court,6,97 yrs lease commencing from 1980
liang seah court,7,999 yrs lease commencing from 1827
liberte,10,freehold
lien towers,10,freehold
lighthouse,17,99 yrs lease commencing from 1993
liiv residences,5,freehold
lilydale,27,99 yrs lease commencing from 2000
limau park,16,freehold
lincoln suites,11,freehold
liv on sophia,9,freehold
liv on wilkie,9,freehold
livia,18,99 yrs lease commencing from 2008
livingston mansions,15,freehold
lloyd court,9,freehold
lloyd sixtyfive,9,freehold
loft 33,14,freehold
loft @ nathan,10,freehold
loft @ rangoon,8,freehold
loft @ stevens,10,freehold
loft@holland,10,freehold
lotus at jervois,10,freehold
loyang gardens,17,999 yrs lease commencing from 1885
loyang valley,17,99 yrs lease commencing from 1982
lucida,11,freehold
lucky court,16,freehold
lucky plaza,9,freehold
luma,9,freehold
lumiere,2,99 yrs lease commencing from 2006
lush acres,28,99 yrs lease commencing from 2013
lush on holland hill,10,freehold
lutheran towers,10,103 yrs lease commencing from 1974
luxe ville,5,freehold
m suites,14,freehold
m21,11,freehold
m5,10,freehold
m66,12,freehold
mabelle,15,freehold
mackenzie 138,9,freehold
mackenzie 88,9,freehold
mackenzie regency,9,freehold
madison residences,10,freehold
malvern springs,15,freehold
mandalay mansion,11,freehold
mandalay towers,11,freehold
mandale heights,11,freehold
mandarin gardens,15,99 yrs lease commencing from 1982
manhattan mansions,10,freehold
mansions 28,14,freehold
maple woods,21,freehold
mar thoma mansions,12,999 yrs lease commencing from 1882
margaret ville,3,99 yrs lease commencing from 2017
margate point,15,freehold
marina bay residences,1,99 yrs lease commencing from 2005
marina bay suites,1,99 yrs lease commencing from 2007
marina collection,4,99 yrs lease commencing from 2007
marina one residences,1,99 yrs lease commencing from 2011
marine blue,15,freehold
marine meadows,15,freehold
marine view mansions,15,freehold
marine ville,15,freehold
marshall lodge,15,freehold
martia 8,15,freehold
martia residence,15,freehold
martin edge,9,freehold
martin modern,9,99 yrs lease commencing from 2016
martin no 38,9,freehold
martin place residences,9,freehold
martina mansions,10,freehold
marymount view,20,freehold
maya,15,freehold
maybelle lodge,15,freehold
mayfair gardens,21,99 yrs lease commencing from 2018
mayfair modern,21,99 yrs lease commencing from 2018
mayfair park,21,99 yrs lease commencing from 1952
mayfair residences,15,freehold
maysprings,23,99 yrs lease commencing from 1994
meadowlodge,21,99 yrs lease commencing from 1997
meadows @ peirce,26,freehold
medge,11,freehold
meier suites,15,freehold
melinia court,15,freehold
melosa,14,freehold
melrose park,10,999 yrs lease commencing from 1877
melrose ville,15,freehold
melville park,18,99 yrs lease commencing from 1992
mendon spring,5,freehold
mera east,14,freehold
mera springs,8,freehold
meralodge,23,freehold
meraprime,3,99 yrs lease commencing from 2003
merawoods,23,999 yrs lease commencing from 1885
meridian 38,15,freehold
metro loft,14,freehold
meyer mansion,15,freehold
meyer park,15,freehold
meyer residence,15,freehold
meyerhouse,15,freehold
mi casa,23,99 yrs lease commencing from 2008
midtown bay,7,99 yrs lease commencing from 2018
midtown modern,7,99 yrs lease commencing from 2019
midtown residences,19,99 yrs lease commencing from 2013
midwood,23,99 yrs lease commencing from 2018
mill creek,14,freehold
mill point,10,999 yrs lease commencing from 1877
millage,14,freehold
mimosa park,28,freehold
minbu villa,11,freehold
mint residences @ jansen,19,999 yrs lease commencing from 1878
mirage tower,9,freehold
miro,11,freehold
moda,15,freehold
modena,18,99 yrs lease commencing from 1997
mon jervois,10,99 yrs lease commencing from 2012
monarchy apartments,11,freehold
mont botanik residence,23,freehold
montebleu,11,freehold
monterey park condominium,5,999 yrs lease commencing from 1885
montrosa,23,999 yrs lease commencing from 1885
montview,10,freehold
mooi residences,10,freehold
moonstone residences,12,freehold
moonstone royale,12,freehold
moonstone view,12,freehold
mori,14,freehold
morimasa gardens,11,freehold
moro mansions,14,freehold
mount faber lodge,4,freehold
mount rosie garden,11,freehold
mount sophia suites,9,freehold
mountbatten regency,15,freehold
mountbatten suites,15,freehold
mulberry tree,11,freehold
murano,5,freehold
mutiara crest,10,freehold
mutiara view,10,freehold
my manhattan,18,99 yrs lease commencing from 2010
myra,13,freehold
nadia mansions,12,freehold
namly court,10,freehold
nassim jade,10,freehold
nassim mansion,10,freehold
nassim park residences,10,freehold
nathan place,10,freehold
nathan residences,10,freehold
nathan suites,10,freehold
natura@hillview,23,freehold
naturalis,15,freehold
nature mansions,15,freehold
naung residence,19,999 yrs lease commencing from 1883
neem tree,12,freehold
neptune court,15,99 yrs lease commencing from 1976
ness,14,freehold
neu at novena,11,freehold
new futura,9,freehold
newest,5,956 yrs lease commencing from 1928
newton 18,11,freehold
newton 21,11,freehold
newton edge,9,freehold
newton imperial,11,freehold
newton lodge,11,freehold
newton one,11,freehold
newton suites,11,freehold
nicole green,14,freehold
nicon gardens,23,99 yrs lease commencing from 1981
nim gardens,28,freehold
nin residence,13,99 yrs lease commencing from 2010
nine residences,27,99 yrs lease commencing from 2013
nineteen shelford road,11,freehold
noma,14,freehold
nomu,9,freehold
normanton park,5,99 yrs lease commencing from 2019
north park residences,27,99 yrs lease commencing from 2015
northoaks,25,99 yrs lease commencing from 1997
northvale,23,99 yrs lease commencing from 1995
northwave,25,99 yrs lease commencing from 2015
northwood,27,freehold
nottinghill suites,21,freehold
nouvel 18,10,freehold
nouvelle park,19,freehold
nova 88,12,freehold
novelis,11,freehold
novena court,11,freehold
novena hill,11,freehold
novena lodge,11,freehold
novena regency,11,freehold
novena suites,11,freehold
nuovo,20,99 yrs lease commencing from 2001
nv residences,18,99 yrs lease commencing from 2008
nyon,15,freehold
oasis @ elias,18,99 yrs lease commencing from 2008
oasis garden,19,freehold
ocean front suites,17,946 yrs lease commencing from 1937
ocean park,15,freehold
oei tiong ham park residences,10,freehold
okio,12,freehold
ola,19,99 yrs lease commencing from 2018
ola residences,15,freehold
oleanas residence,9,freehold
oleander towers,12,99 yrs lease commencing from 1995
olina lodge,10,freehold
olloi,15,freehold
onan court,15,freehold
onan suites,15,freehold
one @ pulasan,15,freehold
one akyab,11,freehold
one amber,15,freehold
one balmoral,10,freehold
one bernam,2,99 yrs lease commencing from 2019
one devonshire,9,freehold
one draycott,10,freehold
one duchess,10,999 yrs lease commencing from 1875
one dusun residences,12,freehold
one eighties residences,15,freehold
one fort,15,freehold
one holland village residences,10,99 yrs lease commencing from 2018
one jervois,10,freehold
one k greenlane,15,freehold
one leicester,13,freehold
one meyer,15,freehold
one oxley rise,9,freehold
one pearl bank,3,99 yrs lease commencing from 2019
one robin,10,freehold
one rosyth,19,999 yrs lease commencing from 1886
one shenton,1,99 yrs lease commencing from 2005
one st michael's,12,freehold
one tree hill gardens,10,freehold
one tree hill mansions,10,99 yrs lease commencing from 1973
one tree hill residence,10,freehold
one-north eden,5,99 yrs lease commencing from 2019
one-north residences,5,99 yrs lease commencing from 2005
onerobey,19,999 yrs lease commencing from 1875
onze @ tanjong pagar,2,freehold
opal suites,12,freehold
optima @ tanah merah,16,99 yrs lease commencing from 2008
orange grove residences,10,freehold
orchard bel air,10,99 yrs lease commencing from 1980
orchard court,9,993 yrs lease commencing from 1973
orchard scotts,9,99 yrs lease commencing from 2001
orchard towers,9,freehold
orchard view,9,freehold
orchid apartments,11,freehold
orchid park condominium,27,99 yrs lease commencing from 1991
orion,10,freehold
oue twin peaks,9,99 yrs lease commencing from 2010
ovada 8,15,freehold
oxford suites,8,freehold
oxley edge,9,freehold
oxley residence,9,freehold
palazzetto,15,freehold
palisades,5,freehold
palm galleria,15,freehold
palm gardens,23,99 yrs lease commencing from 1996
palm green,5,freehold
palm grove condominium,19,999 yrs lease commencing from 1878
palm haven,19,999 yrs lease commencing from 1876
palm isles,17,99 yrs lease commencing from 2011
palm lodge,14,freehold
palm loft,15,freehold
palm mansions,5,freehold
palm oasis,15,freehold
palm residence,21,freehold
palm spring,10,freehold
palm tree nines,16,freehold
palm vista,15,freehold
palmera east,14,freehold
palmera residence,15,freehold
palmwoods,16,99 yrs lease commencing from 1996
pandan valley,21,freehold
papillon,12,freehold
paradise palms,15,freehold
parbury hill condominium,16,freehold
parc bleu,15,freehold
parc botannia,28,99 yrs lease commencing from 2016
parc canberra,27,99 yrs lease commencing from 2018
parc centennial,9,freehold
parc central residences,18,99 yrs lease commencing from 2019
parc centros,19,99 yrs lease commencing from 2012
parc clematis,5,99 yrs lease commencing from 2019
parc elegance,15,freehold
parc emily,9,freehold
parc esta,14,99 yrs lease commencing from 2018
parc greenwich,28,99 yrs lease commencing from 2020
parc haven,12,freehold
parc imperial,5,freehold
parc komo,17,freehold
parc life,27,99 yrs lease commencing from 2014
parc mackenzie,9,freehold
parc mondrian,13,freehold
parc oasis,22,99 yrs lease commencing from 1991
parc olympia,17,99 yrs lease commencing from 2012
parc palais,21,freehold
parc regency,5,freehold
parc riviera,5,99 yrs lease commencing from 2015
parc rosewood,25,99 yrs lease commencing from 2011
parc seabreeze,15,freehold
parc somme,8,99 yrs lease commencing from 2008
parc sophia,9,freehold
parc stevens,10,freehold
parc vera,19,99 yrs lease commencing from 2010
parc vista,22,99 yrs lease commencing from 1995
park 1 suites,14,freehold
park colonial,13,99 yrs lease commencing from 2017
park east,15,freehold
park green,19,99 yrs lease commencing from 2001
park house,10,freehold
park infinia at wee nam,11,freehold
park natura,23,freehold
park nova,10,freehold
park place residences at plq,14,99 yrs lease commencing from 2015
park residences kovan,19,freehold
park view mansion,22,99 yrs lease commencing from 1976
parkshore,15,freehold
parksuites,10,110 yrs lease commencing from 2017
parkview apartments,23,99 yrs lease commencing from 1994
parkview eclat,10,freehold
parkwood residences,19,99 yrs lease commencing from 2018
parry court,19,999 yrs lease commencing from 1886
parvis,10,freehold
pasadena,11,freehold
pasir panjang court,5,freehold
pasir panjang lodge,5,freehold
pasir ris 8,18,99 yrs lease commencing from 2021
pasir view park,5,freehold
paterson linc,9,freehold
paterson residence,9,freehold
paterson suites,9,freehold
pavilion 11,11,freehold
pavilion square,14,freehold
paya lebar residences,14,freehold
peace centre/mansions,9,99 yrs lease commencing from 1970
peach garden,15,freehold
peak residence,11,freehold
peakview estate,16,freehold
pebble bay,15,99 yrs lease commencing from 1994
peirce view,20,freehold
penang service apartments,14,freehold
peng's court,15,freehold
penrose,14,99 yrs lease commencing from 2019
people's garden,19,999 yrs lease commencing from 1879
people's park centre,1,99 yrs lease commencing from 1970
people's park complex,1,99 yrs lease commencing from 1968
pepys hill condominium,5,freehold
perfect ten,10,freehold
petain court,8,freehold
petain rd/tyrwhitt rd conservation area,8,999 yrs lease commencing from 1919
petit jervois,10,freehold
phoenix heights,23,99 yrs lease commencing from 1969
phoenix residences,23,99 yrs lease commencing from 2019
picardy gardens,16,freehold
piermont grand,19,99 yrs lease commencing from 2018
pin mansions,19,freehold
pine court,15,freehold
pine grove,21,99 yrs lease commencing from 1984
pinehurst condominium,15,freehold
pinetree condominium,10,freehold
pinevale,18,99 yrs lease commencing from 1997
pinewood gardens,10,freehold
pinnacle 16,12,freehold
platina gardens,27,freehold
platinum edge,13,freehold
poh heng court,15,freehold
pollen & bleu,10,99 yrs lease commencing from 2012
poshgrove east,15,freehold
presidio,15,freehold
prestige heights,12,freehold
prestige loft,15,freehold
prestige residence,15,freehold
presto@upper serangoon,19,freehold
prime residence,14,freehold
primedge,14,freehold
primo residences,19,freehold
principal garden,3,99 yrs lease commencing from 2014
pristine heights,8,freehold
prive,19,99 yrs lease commencing from 2010
prospero ville,15,freehold
provence residence,27,99 yrs lease commencing from 2020
proximo,10,freehold
public mansion,12,freehold
pullman residences newton,11,freehold
q bay residences,18,99 yrs lease commencing from 2012
qube suites,14,freehold
queens,3,99 yrs lease commencing from 1998
queens peak,3,99 yrs lease commencing from 2015
queensberry lodge,10,freehold
queensway tower,3,freehold
questa @ dunman,15,freehold
quinterra,10,99 yrs lease commencing from 2006
r maison,13,freehold
r66 apartments,8,freehold
race course 138,8,freehold
race course building,8,freehold
race course mansion,8,freehold
radix,15,freehold
rafflesia condominium,20,99 yrs lease commencing from 1997
rajah tower,12,freehold
rajah towers,12,freehold
rangoon 88,8,freehold
rangoon view,8,freehold
reflections at keppel bay,4,99 yrs lease commencing from 2006
regal 35,14,freehold
regal court,12,freehold
regency lodge,10,freehold
regency park,10,freehold
regency suites,3,freehold
regent grove,23,99 yrs lease commencing from 1997
regent heights,23,99 yrs lease commencing from 1995
regent park,5,99 yrs lease commencing from 1993
regent residences,12,freehold
regentville,19,99 yrs lease commencing from 1996
regis mansions,21,freehold
reignwood hamilton scotts,9,freehold
residence 66,15,freehold
residence twenty-two,15,freehold
residences 88,14,freehold
residences @ evelyn,11,freehold
residences @ jansen,19,999 yrs lease commencing from 1876
residences @ killiney,9,freehold
residences @ somme,8,freehold
residences at 338a,9,freehold
residences at emerald hill,9,freehold
residences botanique,19,freehold
residential apartments,5,freehold
rezi 24,14,freehold
rezi 26,14,freehold
rezi 35,14,freehold
rezi 3two,14,freehold
rhapsody on mount elizabeth,9,freehold
ricchezza,15,freehold
rich east garden,16,freehold
rich mansions,10,freehold
rich.residence,19,freehold
richmond park,9,freehold
ridge court,13,freehold
ridgewood,10,999 yrs lease commencing from 1885
rio gardens,12,freehold
rio vista,19,99 yrs lease commencing from 2001
ripple bay,18,99 yrs lease commencing from 2011
ris grandeur,18,freehold
ritz @ farrer,8,freehold
ritz mansions,12,freehold
ritz regency,15,freehold
river isles,19,99 yrs lease commencing from 2012
river place,3,99 yrs lease commencing from 1995
river valley apartments,10,freehold
riverbank @ fernvale,28,99 yrs lease commencing from 2013
riverbay,12,999 yrs lease commencing from 1882
rivercove residences,19,99 yrs lease commencing from 2016
riveredge,15,99 yrs lease commencing from 2004
riverfront residences,19,99 yrs lease commencing from 2018
rivergate,9,freehold
riveria gardens,9,freehold
riverparc residence,19,99 yrs lease commencing from 2010
riversails,19,99 yrs lease commencing from 2011
rivershire,9,freehold
riverside 48,9,freehold
riverside melodies,12,freehold
riversound residence,19,99 yrs lease commencing from 2011
rivertrees residences,28,99 yrs lease commencing from 2013
rivervale crest,19,99 yrs lease commencing from 1997
riverwalk apartments,1,99 yrs lease commencing from 1980
riviera 38,12,999 yrs lease commencing from 1882
riviera residences,16,freehold
riviere,3,99 yrs lease commencing from 2018
riz haven,17,946 yrs lease commencing from 1938
robertson 100,9,freehold
robertson blue,9,freehold
robertson edge,9,999 yrs lease commencing from 1841
robin regalia,10,freehold
robin residences,10,freehold
robin suites,10,freehold
robinson suites,1,freehold
rocca balestier,12,freehold
rochelle at newton,11,99 yrs lease commencing from 2008
rochester drive,5,99 yrs lease commencing from 2005
roots @ transit,26,99 yrs lease commencing from 2014
rosalia park,19,freehold
rose ville,15,freehold
rosevale,11,freehold
rosewood,25,99 yrs lease commencing from 2000
rosewood suites,25,99 yrs lease commencing from 2008
rosyth lodge,19,999 yrs lease commencing from 1886
rosyth residence,19,999 yrs lease commencing from 1886
rosyth ville,19,999 yrs lease commencing from 1886
roxy square,15,9999 yrs lease commencing from 1995
royal court,21,freehold
royal hallmark,15,freehold
royale mansions,15,freehold
royalgreen,10,freehold
royalville,10,freehold
royce residences,14,freehold
rv altitude,9,freehold
rv edge,10,freehold
rv point,9,999 yrs lease commencing from 1841
rv residences,10,999 yrs lease commencing from 1877
rv suites,10,freehold
rymden 77,15,freehold
sage,10,freehold
sam kiang mansions,9,freehold
sanctuary @ 813,19,freehold
sanctuary green,15,99 yrs lease commencing from 1997
sandalwood,15,freehold
sandy eight,15,freehold
sandy palm,17,99 yrs lease commencing from 1996
sant ritz,13,99 yrs lease commencing from 2012
santa fe mansions,15,freehold
sapphire court,15,freehold
sarhad ville,5,freehold
savannah condopark,18,99 yrs lease commencing from 2000
scenic heights,12,freehold
scotts 28,9,freehold
scotts highpark,9,freehold
scotts square,9,freehold
sculptura ardmore,10,freehold
sea avenue residences,15,freehold
sea esta,18,99 yrs lease commencing from 2012
sea horizon,18,99 yrs lease commencing from 2013
seahill,5,99 yrs lease commencing from 2011
seascape,4,99 yrs lease commencing from 2007
seaside residences,15,99 yrs lease commencing from 2016
seasons park,26,99 yrs lease commencing from 1995
seasons view,20,99 yrs lease commencing from 1996
seastrand,18,99 yrs lease commencing from 2011
seasuites,5,freehold
seaview point,15,freehold
second avenue junction,10,freehold
selanting green,21,freehold
seletar park residence,28,99 yrs lease commencing from 2011
seletar springs condominium,28,99 yrs lease commencing from 1997
seletaris,27,freehold
sembawang cottage,27,freehold
sengkang grand residences,19,99 yrs lease commencing from 2018
sennett estate,13,freehold
sennett residence,13,99 yrs lease commencing from 2011
serangoon garden estate,19,999 yrs lease commencing from 1955
seraya 9,15,freehold
seraya breeze,15,freehold
seraya court,15,freehold
seraya residences,15,freehold
seraya ville,15,freehold
serene view mansions,13,freehold
serenity breeze,15,freehold
serenity park,28,freehold
setia residences,11,freehold
seven holt road,10,freehold
seven palms sentosa cove,4,99 yrs lease commencing from 2007
seventy saint patrick's,15,freehold
shan gate apartments,12,freehold
shanghai one,10,freehold
shaw plaza - twin heights,12,freehold
sheares ville,10,freehold
sheba lodge,15,freehold
shelford 23,11,freehold
shelford green,11,freehold
shelford mansions,11,freehold
shelford regency,11,freehold
shelford suites,11,freehold
shelford view,11,freehold
shenton way,1,99 yrs lease commencing from 2011
sherwood condominium,21,freehold
sherwood tower,21,99 yrs lease commencing from 1976
sherwood towers,21,99 yrs lease commencing from 1976
shiro,15,freehold
siglap lodge,15,freehold
siglap v,15,freehold
signature at lewis,10,freehold
signature at yishun,27,99 yrs lease commencing from 2014
signature park,21,freehold
silahis apartments,15,freehold
silverscape,14,freehold
silversea,15,99 yrs lease commencing from 2007
simei green condominium,18,99 yrs lease commencing from 1996
simon plaza,19,freehold
sims dorado,14,freehold
sims edge,14,freehold
sims green,14,99 yrs lease commencing from 2001
sims meadows,14,freehold
sims point,14,freehold
sims residences,14,99 yrs lease commencing from 1997
sims urban oasis,14,99 yrs lease commencing from 2014
simsville,14,99 yrs lease commencing from 1994
sin chuan garden,14,freehold
sin ming plaza,20,freehold
singa hills,14,freehold
sixteen35 residences,14,99 yrs lease commencing from 2018
sixth avenue centre,10,freehold
sixth avenue ville,10,freehold
skies miltonia,27,99 yrs lease commencing from 2012
skt mansions,14,freehold
sky everton,2,freehold
sky green,13,freehold
sky habitat,20,99 yrs lease commencing from 2011
sky vue,20,99 yrs lease commencing from 2013
sky@eleven,11,freehold
skyline 360 @ saint thomas walk,9,freehold
skyline @ orchard boulevard,9,freehold
skyline residences,4,freehold
skypark,9,freehold
skypark residences,27,99 yrs lease commencing from 2013
skysuites 17,12,freehold
skysuites17,12,freehold
skysuites@anson,2,99 yrs lease commencing from 2008
sloane residences,10,freehold
smailing court,14,freehold
smart suites,14,freehold
soho 188,8,freehold
soho @ farrer,8,freehold
sol acres,23,99 yrs lease commencing from 2014
soleil @ sinaran,11,99 yrs lease commencing from 2006
sommerville grandeur,10,freehold
sommerville park,10,freehold
sophia 98,9,freehold
sophia hills,9,99 yrs lease commencing from 2013
sophia residence,9,freehold
sophia view,9,freehold
sophia ville,9,freehold
south beach residences,7,99 yrs lease commencing from 2007
south union park,15,freehold
southaven i,21,99 yrs lease commencing from 1994
southaven ii,21,999 yrs lease commencing from 1877
southbank,7,99 yrs lease commencing from 2006
space @ kovan,19,freehold
spanish village,10,freehold
spazio @ kovan,19,freehold
spottiswoode 18,2,freehold
spottiswoode park,2,99 yrs lease commencing from 1973
spottiswoode residences,2,freehold
spottiswoode suites,2,freehold
spring @ katong,15,freehold
spring @ langsat,15,freehold
spring grove,10,99 yrs lease commencing from 1991
springdale condominium,21,999 yrs lease commencing from 1877
springvale,15,freehold
st francis court,12,99 yrs lease commencing from 1992
st francis lodge,12,freehold
st martin residence,10,freehold
st martin's apartment,10,freehold
st michael regency,12,freehold
st michael's condominium,12,freehold
st michael's place,12,freehold
st patrick's court,15,freehold
st patrick's green,15,freehold
st patrick's loft,15,freehold
st patrick's residences,15,freehold
st regis residences singapore,10,999 yrs lease commencing from 1995
st thomas court,9,freehold
st thomas suites,9,freehold
stadia,19,freehold
starlight suites,9,freehold
stars of kovan,19,99 yrs lease commencing from 2015
starville,14,freehold
stellar rv,10,freehold
steven's court,10,freehold
stevens loft,10,freehold
stevens suites,10,freehold
still 123,15,freehold
still mansions,15,freehold
stillz residence,15,freehold
stirling residences,3,99 yrs lease commencing from 2017
straits mansions,15,freehold
straits residences,15,freehold
strata,11,freehold
stratford court,16,99 yrs lease commencing from 1995
stratum,18,99 yrs lease commencing from 2012
studio 3,10,freehold
studio8,14,freehold
studios @ marne,8,freehold
studios@tembeling,15,freehold
sturdee residences,8,99 yrs lease commencing from 2015
sturdee view,8,freehold
suffolk premier,11,freehold
sui generis,10,freehold
suites 123,8,freehold
suites 28,14,freehold
suites @ amber,15,freehold
suites @ eastcoast,15,freehold
suites @ eunos,14,freehold
suites @ guillemard,15,freehold
suites @ kovan,19,freehold
suites @ newton,11,freehold
suites @ owen,8,freehold
suites @ paya lebar,19,freehold
suites @ shrewsbury,11,freehold
suites @ sims,14,freehold
suites @ surrey,11,freehold
suites @ topaz,12,freehold
suites at bukit timah,21,freehold
suites at orchard,9,99 yrs lease commencing from 2007
suites de laurel,21,999 yrs lease commencing from 1884
suites twenty-two,15,freehold
suites@ katong,15,freehold
suites@braddell,13,freehold
suites@changi,14,freehold
summer green,12,freehold
summer scent,19,999 yrs lease commencing from 1883
summerdale,22,99 yrs lease commencing from 1997
summerhill,21,freehold
sun court,21,freehold
sun plaza,27,99 yrs lease commencing from 1996
sunbird view,16,freehold
sunflower court,14,freehold
sunflower lodge,14,freehold
sunflower mansions,14,freehold
sunflower regency,14,freehold
sunflower residence,14,freehold
sunflower view,14,freehold
sunglade,19,99 yrs lease commencing from 2000
sunhaven,16,freehold
sunny grove,14,freehold
sunny lodge,14,freehold
sunny palms,15,freehold
sunny parc,15,freehold
sunnyvale residences,15,freehold
sunrise gardens,28,99 yrs lease commencing from 1995
sunset lodge,21,freehold
sunshine grandeur,15,freehold
sunshine lodge,19,freehold
sunshine loft,15,freehold
sunshine mansions,15,freehold
sunshine plaza,7,99 yrs lease commencing from 1997
sunshine regency,15,freehold
sunshine residence,15,freehold
sunville,12,freehold
surrey point,11,freehold
sutton place,10,freehold
sycamore tree,15,freehold
sylvan lodge,10,freehold
symphony heights,21,freehold
symphony suites,27,99 yrs lease commencing from 2014
taipan jade,15,freehold
taipan regency,15,freehold
tan tong meng tower,11,freehold
tanah merah mansion,16,freehold
tanamera crest,16,99 yrs lease commencing from 2000
tangerine grove,19,freehold
tanglin hill condominium,10,freehold
tanglin hill meadows,10,freehold
tanglin park,10,freehold
tanglin regency,10,99 yrs lease commencing from 1994
tanglin residences,10,freehold
tanglin view,3,99 yrs lease commencing from 1997
tanjong ria condominium,15,99 yrs lease commencing from 1993
tanqueelan suites,7,999 yrs lease commencing from 1827
teacher's housing estate,26,999 yrs lease commencing from 1885
tedge,14,freehold
telok blangah house,4,freehold
telok mansion,15,freehold
tembelina,15,freehold
tembeling centre,15,freehold
tembeling court,15,freehold
tembeling grove,15,freehold
tembeling mansions,15,freehold
tembeling residence,15,freehold
ten @ suffolk,11,freehold
teresa ville,4,freehold
terrasse,19,99 yrs lease commencing from 2010
terrene at bukit timah,21,999 yrs lease commencing from 1885
tessa lodge,15,freehold
textile centre,7,99 yrs lease commencing from 1970
tg mansion,15,freehold
the 101,7,999 yrs lease commencing from 1827
the aberdeen,12,freehold
the abode at devonshire,9,freehold
the acacias,13,freehold
the adara,15,freehold
the addition,13,freehold
the alcove,14,99 yrs lease commencing from 2000
the alps residences,18,99 yrs lease commencing from 2015
the amarelle,15,freehold
the ambra,15,freehold
the ambrosia,15,freehold
the amery,15,freehold
the amore,19,99 yrs lease commencing from 2013
the amston,23,999 yrs lease commencing from 1885
the anchorage,3,freehold
the ansley,11,freehold
the antares,14,99 yrs lease commencing from 2018
the arc at draycott,10,freehold
the arcadia,11,99 yrs lease commencing from 1979
the ariel,15,freehold
the aristo @ amber,15,freehold
the arizon,14,freehold
the armadale,11,freehold
the arris,2,freehold
the arte,12,freehold
the asana,10,freehold
the aston,10,freehold
the atelier,9,freehold
the atria at meyer,15,freehold
the avenir,9,freehold
the axis,11,freehold
the azure,4,99 yrs lease commencing from 2005
the azzuro,15,freehold
the bale,15,freehold
the balmoral,10,freehold
the balmoral spring,10,freehold
the baycourt,16,freehold
the bayshore,16,99 yrs lease commencing from 1993
the beacon,2,99 yrs lease commencing from 2004
the beacon edge,15,freehold
the belleforte,12,freehold
the belmont,10,freehold
the belvedere,15,freehold
the bencoolen,7,99 yrs lease commencing from 1995
the bently residences@kovan,19,freehold
the berth by the cove,4,99 yrs lease commencing from 2004
the beverly,21,freehold
the blossomvale,21,999 yrs lease commencing from 1884
the botanic on lloyd,9,freehold
the boulevard residence,10,freehold
the boutiq,9,freehold
the brooks i,26,freehold
the brooks ii,26,freehold
the brownstone,27,99 yrs lease commencing from 2014
the callista,12,999 yrs lease commencing from 1882
the calrose,26,freehold
the calypso,16,freehold
the canopy,27,99 yrs lease commencing from 2010
the cape,15,freehold
the capri,10,freehold
the carpmaelina,15,freehold
the cascadia,21,freehold
the cassandra,5,freehold
the centren,14,freehold
the centrepoint,9,99 yrs lease commencing from 1979
the centrio,12,freehold
the centris,22,99 yrs lease commencing from 2006
the champagne,14,freehold
the cherrywood,15,freehold
the chuan,19,999 yrs lease commencing from 1877
the citrine,12,freehold
the citron residences,8,freehold
the claymore,9,freehold
the clearwater,16,99 yrs lease commencing from 1997
the clement canopy,5,99 yrs lease commencing from 2016
the clift,1,99 yrs lease commencing from 2004
the coast at sentosa cove,4,99 yrs lease commencing from 2006
the commodore,27,99 yrs lease commencing from 2020
the concourse,7,99 yrs lease commencing from 2008
the cornwall,10,freehold
the cosmopolitan,9,freehold
the cotz,15,freehold
the courtyard,19,freehold
the creek @ bukit,21,freehold
the crest,3,99 yrs lease commencing from 2012
the cristallo,15,freehold
the criterion,27,99 yrs lease commencing from 2014
the daffodil,16,freehold
the dairy farm,23,freehold
the dew,23,99 yrs lease commencing from 2000
the diamond,14,freehold
the domain,15,freehold
the draycott,10,freehold
the eastside,15,freehold
the ebony,14,freehold
the eden at tampines,18,99 yrs lease commencing from 2000
the edge on cairnhill,9,freehold
the edgewater,17,freehold
the elegance @ changi,15,freehold
the element @ stevens,10,freehold
the elysia,12,999 yrs lease commencing from 1882
the enclave . holland,10,freehold
the equatorial,10,freehold
the esparis,18,99 yrs lease commencing from 2002
the espira,15,freehold
the essence,26,99 yrs lease commencing from 2018
the esta,15,freehold
the estiva,5,freehold
the estoril,10,freehold
the estuary,27,99 yrs lease commencing from 2008
the fernhill,10,freehold
the floravale,22,99 yrs lease commencing from 1997
the florence residences,19,99 yrs lease commencing from 2018
the florentine,19,947 yrs lease commencing from 1934
the florida,19,99 yrs lease commencing from 1997
the foliage,5,freehold
the ford @ holland,10,freehold
the foresta @ mount faber,4,freehold
the gale,17,freehold
the garden residences,19,99 yrs lease commencing from 2017
the gardens at bishan,20,99 yrs lease commencing from 1997
the gazania,19,freehold
the geranium,15,freehold
the glacier,15,freehold
the glades,16,99 yrs lease commencing from 2013
the glyndebourne,11,freehold
the grandhill,5,freehold
the grandiflora,15,freehold
the grange,10,freehold
the greenwich,28,99 yrs lease commencing from 2009
the hacienda,15,freehold
the heliconia,14,freehold
the hermitage,10,freehold
the hillford,21,60 yrs lease commencing from 2013
the hillier,23,99 yrs lease commencing from 2011
the hillside,21,freehold
the holland collection,10,freehold
the horizon,10,freehold
the huntington,11,freehold
the hyde,10,freehold
the imperial,9,freehold
the infiniti,5,freehold
the inflora,17,99 yrs lease commencing from 2012
the inspira,9,freehold
the interlace,4,99 yrs lease commencing from 2009
the interweave,12,freehold
the iveria,9,freehold
the jade,23,99 yrs lease commencing from 2001
the jovell,17,99 yrs lease commencing from 2018
the ladyhill,10,freehold
the lakefront residences,22,99 yrs lease commencing from 2010
the lakeshore,22,99 yrs lease commencing from 2002
the lanai,23,999 yrs lease commencing from 1885
the landmark,3,99 yrs lease commencing from 2020
the lattiz,14,freehold
the laurels,9,freehold
the legacy,10,freehold
the legend,10,freehold
the lenox,14,freehold
the levelz,10,freehold
the light @ cairnhill,9,freehold
the lilium,19,freehold
the linc,11,freehold
the lincoln modern,11,freehold
the lincoln residences,11,freehold
the line @ tanjong rhu,15,freehold
the linear,23,999 yrs lease commencing from 1876
the linq @ beauty world,21,freehold
the loft,10,99 yrs lease commencing from 1999
the lucent,15,freehold
the lumos,9,freehold
the lush,15,freehold
the luxurie,19,99 yrs lease commencing from 2011
the m,7,99 yrs lease commencing from 2019
the madeira,23,99 yrs lease commencing from 2000
the makena,15,freehold
the marbella,10,freehold
the marq on paterson hill,9,freehold
the marque @ irrawaddy,12,freehold
the mayfair,22,99 yrs lease commencing from 1996
the maylea,5,freehold
the medley,15,freehold
the merasaga,10,99 yrs lease commencing from 1991
the mercury,10,freehold
the merlot,8,freehold
the metropolitan condominium,3,99 yrs lease commencing from 2006
the metz,9,freehold
the meyerise,15,freehold
the mezzo,12,freehold
the midas,14,freehold
the miltonia residences,27,99 yrs lease commencing from 2010
the mint residences,15,freehold
the minton,19,99 yrs lease commencing from 2007
the mkz,9,freehold
the montage,15,freehold
the montana,10,freehold
the morning glory,19,freehold
the morningside,9,freehold
the mornington,12,freehold
the nassim,10,freehold
the nautical,27,99 yrs lease commencing from 2011
the navian,14,freehold
the nclave,15,freehold
the nexus,21,freehold
the oceanfront @ sentosa cove,4,99 yrs lease commencing from 2005
the octet,14,freehold
the odeon katong,15,freehold
the old house,19,freehold
the oliv,10,freehold
the orange grove,10,freehold
the orchard residences,9,99 yrs lease commencing from 2006
the orient,5,freehold
the oxley,9,freehold
the palette,18,99 yrs lease commencing from 2010
the palladium,15,freehold
the panorama,20,99 yrs lease commencing from 2013
the parc condominium,5,freehold
the park vale,11,999 yrs lease commencing from 1874
the paterson,9,freehold
the paterson edge,9,freehold
the peak,5,freehold
the peak @ cairnhill i,9,freehold
the peak @ cairnhill ii,9,freehold
the peak@balmeg,5,freehold
the pearl @ mount faber,4,99 yrs lease commencing from 2002
the petals,23,freehold
the pier at robertson,9,freehold
the plaza,7,99 yrs lease commencing from 1968
the poiz residences,13,99 yrs lease commencing from 2014
the princeton,10,freehold
the promenade@pelikat,19,freehold
the prominence,15,freehold
the promont,9,freehold
the quartz,19,99 yrs lease commencing from 2005
the quayside,9,99 yrs lease commencing from 1994
the quinn,19,freehold
the quintet,23,99 yrs lease commencing from 2003
the rainforest,23,99 yrs lease commencing from 2011
the raintree,21,99 yrs lease commencing from 2003
the ramford,15,freehold
the red house,15,99 yrs lease commencing from 2012
the reef at kings dock,4,99 yrs lease commencing from 2021
the regalia,9,freehold
the regency at tiong bahru,3,freehold
the richmond,12,freehold
the rise @ oxley,9,freehold
the ritz-carlton residences singapore cairnhill,9,freehold
the riverine by the park,12,freehold
the riverside piazza,1,99 yrs lease commencing from 1992
the rivervale,19,99 yrs lease commencing from 1997
the riverwalk,1,99 yrs lease commencing from 1980
the rochester residences,5,99 yrs lease commencing from 2005
the sail @ marina bay,1,99 yrs lease commencing from 2002
the sanctuary @ geylang,14,freehold
the santorini,18,99 yrs lease commencing from 2013
the scala,19,99 yrs lease commencing from 2010
the scenic @ braddell,13,freehold
the scotts tower,9,103 yrs lease commencing from 2010
the sea view,15,freehold
the seafront on meyer,15,freehold
the seawind,15,freehold
the sensoria,27,freehold
the serenade @ holland,10,99 yrs lease commencing from 2001
the serennia,15,freehold
the serenno,15,freehold
the shaughnessy,27,99 yrs lease commencing from 2001
the shelford,11,freehold
the shore residences,15,103 yrs lease commencing from 2009
the siena,10,99 yrs lease commencing from 2013
the sierra,10,947 yrs lease commencing from 1937
the silver fir,15,freehold
the sixth avenue residences,10,freehold
the skywoods,23,99 yrs lease commencing from 2012
the solitaire,10,freehold
the sorrento,5,freehold
the sound,15,freehold
the sovereign,15,freehold
the spectrum,5,freehold
the spinnaker,11,freehold
the springbloom,19,99 yrs lease commencing from 1995
the springs,11,freehold
the stellar,5,freehold
the sterling,21,freehold
the stradia,19,freehold
the suites at central,9,freehold
the summit,16,freehold
the sunflower,14,freehold
the sunnidora,15,freehold
the sunniflora,15,freehold
the sunny spring,14,freehold
the sunnydale,19,99 yrs lease commencing from 1997
the sunshine,19,freehold
the taipan,16,freehold
the tampines trilliant,18,99 yrs lease commencing from 2011
the tanamera,16,99 yrs lease commencing from 1990
the tapestry,18,99 yrs lease commencing from 2017
the tate residences,9,freehold
the tembusu,19,freehold
the tennery,23,99 yrs lease commencing from 2010
the terrace,19,99 yrs lease commencing from 2013
the tessarina,10,freehold
the tier,12,freehold
the tomlinson,10,freehold
the topiary,28,99 yrs lease commencing from 2012
the tre ver,13,99 yrs lease commencing from 2018
the treeline,15,freehold
the tresor,10,999 yrs lease commencing from 1875
the trevose,11,99 yrs lease commencing from 1996
the trilinq,5,99 yrs lease commencing from 2012
the trillium,9,freehold
the trizon,10,freehold
the tropic gardens,16,freehold
the tropica,18,99 yrs lease commencing from 1996
the trumps,14,99 yrs lease commencing from 2000
the twins,10,freehold
the urbanite,8,freehold
the vales,19,99 yrs lease commencing from 2014
the vanderlint,15,freehold
the venue residences,13,99 yrs lease commencing from 2012
the verandah residences,5,freehold
the vermont on cairnhill,9,freehold
the verte,15,freehold
the verv @ rv,9,freehold
the verve,12,freehold
the vesta,15,freehold
the view @ meyer,15,freehold
the vines,14,freehold
the viridian,12,freehold
the vision,5,99 yrs lease commencing from 2008
the visionaire,27,99 yrs lease commencing from 2015
the vue,19,freehold
the warren,23,99 yrs lease commencing from 2001
the water edge,14,freehold
the watergardens at canberra,27,99 yrs lease commencing from 2020
the waterina,14,freehold
the waterline,19,freehold
the waterside,15,freehold
the wharf residence,9,999 yrs lease commencing from 1841
the wilshire,10,freehold
the windsor,20,freehold
the wisteria,27,99 yrs lease commencing from 2015
the woodgrove,25,99 yrs lease commencing from 1996
the woodleigh residences,13,99 yrs lease commencing from 2017
the yardley,19,freehold
thomson 800,11,freehold
thomson euro-asia,11,freehold
thomson grand,20,99 yrs lease commencing from 2010
thomson grove,26,freehold
thomson hills estate,20,freehold
thomson imperial court,20,freehold
thomson impressions,20,99 yrs lease commencing from 2015
thomson three,20,99 yrs lease commencing from 2012
thomson v one,20,99 yrs lease commencing from 2001
thomson v two,20,freehold
thomson view condominium,20,99 yrs lease commencing from 1975
three 11,20,freehold
three balmoral,10,freehold
three buckley,11,freehold
three three robin,10,freehold
tiara,9,freehold
tierra vue,15,freehold
tiong bahru estate,3,freehold
tivoli grande,15,freehold
toh tuck lodge,21,freehold
toh yi court,21,freehold
toho mansions,10,freehold
tomlinson heights,10,freehold
top ten,9,freehold
torie mansions,15,freehold
torieview mansions,14,freehold
torieville,14,freehold
townhouse apartments,9,99 yrs lease commencing from 1977
tre residences,14,99 yrs lease commencing from 2014
treasure at tampines,18,99 yrs lease commencing from 2018
treasure crest,19,99 yrs lease commencing from 2015
treasure gardens,19,freehold
treasure loft,11,freehold
treasure mansions,19,freehold
treasure place,5,freehold
treasures @ g20,14,freehold
treasures@g19,14,freehold
treasures@g6,14,freehold
tree house,23,99 yrs lease commencing from 2009
treescape,15,freehold
trellis towers,12,freehold
trendale tower,9,freehold
tresalveo,20,freehold
trevista,12,99 yrs lease commencing from 2008
trevose park,11,freehold
tribeca,9,freehold
trilight,11,freehold
trilive,19,freehold
tropical spring,18,99 yrs lease commencing from 1997
tropicana condominium,16,999 yrs lease commencing from 1885
tropics @ haigsville,15,freehold
tropika east,14,freehold
tulip garden,10,freehold
turquoise,4,99 yrs lease commencing from 2007
twentyone angullia park,9,freehold
twin fountains,25,99 yrs lease commencing from 2012
twin regency,3,freehold
twin vew,5,99 yrs lease commencing from 2017
twin waterfalls,19,99 yrs lease commencing from 2011
two8one studio,9,999 yrs lease commencing from 1841
tyrwhitt 139,8,freehold
uber 388,16,freehold
ue square,9,929 yrs lease commencing from 1953
unit 8,10,freehold
united mansion,15,freehold
up@robertson quay,9,99 yrs lease commencing from 2011
upper serangoon shopping centre,19,freehold
uptown @ farrer,8,99 yrs lease commencing from 2017
urban edge @ holland v,10,freehold
urban heritage,12,freehold
urban lofts,8,freehold
urban residences,19,freehold
urban resort condominium,9,freehold
urban suites,9,freehold
urban treasures,14,freehold
urban vista,16,99 yrs lease commencing from 2012
urbana,9,freehold
v on shenton,1,99 yrs lease commencing from 2011
va residences,12,freehold
vacanza @ east,14,freehold
valley mansion,9,freehold
valley park,10,999 yrs lease commencing from 1877
van holland,10,freehold
vanadium,8,freehold
varsity park condominium,5,99 yrs lease commencing from 2004
venezio,16,freehold
ventana,5,freehold
ventuno balmoral,10,freehold
ventura view,15,freehold
veranda,15,freehold
verdale,21,99 yrs lease commencing from 2018
verdure,10,freehold
versailles,15,freehold
versilia on haig,15,freehold
verticus,12,freehold
vertis,15,freehold
vetro,12,999 yrs lease commencing from 1882
vibes @ east coast,15,freehold
vibes @ kovan,19,freehold
vibes@upper serangoon,19,freehold
vicenta lodge,14,freehold
victory heights,12,freehold
victory point,12,freehold
vida,9,freehold
viento,14,freehold
view at kismis,21,99 yrs lease commencing from 2019
viio @ balestier,12,freehold
villa azura,10,freehold
villa chancerita,11,freehold
villa chancery,11,freehold
villa d'este,10,freehold
villa de west,5,freehold
villa delle rose,10,freehold
villa des flores,11,freehold
villa marina,15,99 yrs lease commencing from 1995
villa martia,15,freehold
village @ pasir panjang,5,freehold
village tower,10,freehold
villas laguna,16,freehold
vina lodge,19,freehold
visioncrest,9,freehold
vista residences,12,freehold
vitra,15,freehold
viva,11,freehold
viva vista,5,freehold
vivace,9,999 yrs lease commencing from 1841
viz at holland,10,freehold
vogx,8,freehold
volari,10,freehold
vue 8 residence,18,99 yrs lease commencing from 2012
wai wing centre,12,freehold
wallich residence,2,99 yrs lease commencing from 2011
wan tho lodge,13,freehold
wandervale,23,99 yrs lease commencing from 2014
warner court,10,freehold
water place,15,99 yrs lease commencing from 1998
waterbank at dakota,14,99 yrs lease commencing from 2009
waterbay,19,99 yrs lease commencing from 2012
watercolours,18,99 yrs lease commencing from 2012
watercrest,17,999 yrs lease commencing from 1885
waterfall gardens,10,freehold
waterford residence,9,999 yrs lease commencing from 1841
waterfront @ faber,5,99 yrs lease commencing from 2013
waterfront gold,16,99 yrs lease commencing from 2009
waterfront isle,16,99 yrs lease commencing from 2009
waterfront key,16,99 yrs lease commencing from 2007
waterfront waves,16,99 yrs lease commencing from 2007
waterloo view,7,freehold
watermark robertson quay,9,freehold
waterscape at cavenagh,9,freehold
watertown,19,99 yrs lease commencing from 2011
waterview,18,99 yrs lease commencing from 2010
waterwoods,19,99 yrs lease commencing from 2013
watten estate condominium,11,freehold
watten hill,11,freehold
wembly residences,19,freehold
west bay condominium,5,99 yrs lease commencing from 1991
west-n,5,freehold
westcove condominium,5,99 yrs lease commencing from 1995
westmere,22,99 yrs lease commencing from 1996
westwood residences,22,99 yrs lease commencing from 2014
wharton vale,9,freehold
whistler grand,5,99 yrs lease commencing from 2018
whitehaven,5,freehold
whitescape,15,freehold
whitewater,18,99 yrs lease commencing from 2002
wilkie 48,9,freehold
wilkie 80,9,freehold
wilkie 87,9,freehold
wilkie court,9,freehold
wilkie regency,9,freehold
willyn ville,10,freehold
wilshire residences,10,freehold
windermere,23,99 yrs lease commencing from 1997
windy heights,14,freehold
wing fong building,14,freehold
wing fong court,14,freehold
wing fong mansions,14,freehold
wing fong mansions/wing fong court,14,freehold
wing on life garden,10,freehold
woo mon chew court,15,freehold
woodgrove condominium,25,99 yrs lease commencing from 1997
woodhaven,25,99 yrs lease commencing from 2011
woodsvale,25,99 yrs lease commencing from 1997
woodsville 28,13,99 yrs lease commencing from 2007
woodsville mansions,13,freehold
woollerton park,10,freehold
worthington,15,freehold
wu de building,8,freehold
yew mei green,23,99 yrs lease commencing from 1997
yewtee residences,23,99 yrs lease commencing from 2006
ygk garden,10,freehold
yishun emerald,27,99 yrs lease commencing from 1998
yishun sapphire,27,99 yrs lease commencing from 1998
yong an park,9,freehold
yong siak view,3,freehold
yuen sing mansion,14,freehold
zedge,11,freehold
zenith,10,999 yrs lease commencing from 1877
zyanya,14,freehold
